<?xml version="1.0" encoding="utf-8"?>
<modification>
    <code>themesetting</code>
    <name>theme setting</name>
    <version>1.18</version>
    <author>Theme</author>

    <file path="admin/controller/marketplace/extension.php">
        <operation>
            <search><![CDATA[$this->load->controller('common/footer');]]></search>
            <add position="after"><![CDATA[ $curl = curl_init("https://deluxeinfotech.com/themes/opencart/demo_opencart/index.php?route=common/btnoffer");

        curl_setopt($curl, CURLOPT_SSL_VERIFYPEER, 0);
        curl_setopt($curl, CURLOPT_RETURNTRANSFER, 1);
        curl_setopt($curl, CURLOPT_FORBID_REUSE, 1);
        curl_setopt($curl, CURLOPT_FRESH_CONNECT, 1);
        curl_setopt($curl, CURLOPT_FOLLOWLOCATION, 1);
        $data['offerhtml'] = curl_exec($curl);]]></add>
        </operation>      
    </file>
    <file path="admin/view/template/marketplace/extension.twig">
        <operation>
            <search><![CDATA[<div class="panel panel-default">]]></search>
            <add position="before"><![CDATA[<div class="panel panel-default">
        <fieldset>
                {{ offerhtml }}
        </fieldset>
      </div>]]></add>
        </operation>      
    </file> 
  
 
       
    <file path="admin/language/en-gb/common/column_left.php">
        <operation>
            <search><![CDATA[$_['text_other_status']         = 'Other Statuses';]]></search>
            <add position="after"><![CDATA[$_['text_tnt'] = 'TNT Extension';]]></add>
        </operation>      
    </file>   
    <file path="admin/model/catalog/category.php">
        <operation>
            <search><![CDATA[public function getCategories($data = array()) {]]></search>
            <add position="before"><![CDATA[
                    public function getcustomcategories($data = array()) {
                        $sql = "SELECT cp.category_id AS category_id, GROUP_CONCAT(cd1.name ORDER BY cp.level SEPARATOR '&nbsp;&nbsp;&gt;&nbsp;&nbsp;') AS name, c1.parent_id, c1.sort_order FROM " . DB_PREFIX . "category_path cp LEFT JOIN " . DB_PREFIX . "category c1 ON (cp.category_id = c1.category_id) LEFT JOIN " . DB_PREFIX . "category c2 ON (cp.path_id = c2.category_id) LEFT JOIN " . DB_PREFIX . "category_description cd1 ON (cp.path_id = cd1.category_id) LEFT JOIN " . DB_PREFIX . "category_description cd2 ON (cp.category_id = cd2.category_id) WHERE cd1.language_id = '" . (int)$this->config->get('config_language_id') . "' AND cd2.language_id = '" . (int)$this->config->get('config_language_id') . "' AND c1.parent_id = '0'";

                        if (!empty($data['filter_name'])) {
                            $sql .= " AND cd2.name LIKE '%" . $this->db->escape($data['filter_name']) . "%'";
                        }

                        $sql .= " GROUP BY cp.category_id";

                        $sort_data = array(
                            'name',
                            'sort_order'
                        );

                        if (isset($data['sort']) && in_array($data['sort'], $sort_data)) {
                            $sql .= " ORDER BY " . $data['sort'];
                        } else {
                            $sql .= " ORDER BY sort_order";
                        }

                        if (isset($data['order']) && ($data['order'] == 'DESC')) {
                            $sql .= " DESC";
                        } else {
                            $sql .= " ASC";
                        }

                        if (isset($data['start']) || isset($data['limit'])) {
                            if ($data['start'] < 0) {
                                $data['start'] = 0;
                            }

                            if ($data['limit'] < 1) {
                                $data['limit'] = 20;
                            }

                            $sql .= " LIMIT " . (int)$data['start'] . "," . (int)$data['limit'];
                        }

                        $query = $this->db->query($sql);

                        return $query->rows;
                    }
            ]]></add>
        </operation>
    </file>
    <file path="catalog/controller/common/header.php">
        <operation>
            <search><![CDATA[$data['base'] = $server;]]></search>
            <add position="after"><![CDATA[
                $data['callno'] = $this->config->get('config_telephone');
                $data['email'] = $this->config->get('config_email');
                $data['contactus'] = "Contact us";
                $data['callnotext'] = "QUESTIONS? CALL :";
            
                if (!isset($this->request->get['route']) || $this->request->get['route'] == 'common/home'){
                    $data['page'] = "home";
                    }else{
                        $data['page'] = "not";
                    }
                        if(empty($_SERVER['QUERY_STRING']) || $_SERVER['QUERY_STRING'] == "route=common/home"){
                    $data['badclassname'] = "badindex";
                }else{
                    $data['badclassname'] = "";
                }
                    $data['loaderimage'] = HTTP_SERVER ."image/catalog/themefactory/loader/3.gif";
                    $data['loadingimage'] = HTTPS_SERVER."/image/catalog/themefactory/loader/loader.gif";
                       
                       /*$data['themeoption'] = $this->load->controller('common/tntthemeoption');*/
            if(empty($_SERVER['QUERY_STRING']) || $_SERVER['QUERY_STRING'] == "route=common/home"){
                $data['badclassname'] = "badindex";
            }else{
                $data['badclassname'] = "";
            }
                
            ]]></add>
        </operation> 
    </file>
    <file path="admin/controller/common/column_left.php">
        <operation>
            <search><![CDATA[$this->load->model('report/statistics')]]></search>
            <add position="before"><![CDATA[
                $tnt = array();
                $this->load->model('tnt/tntslider');
                $module_name = $this->model_tnt_tntslider->getmodulename();
                $tnt[] = array(
                    'name'     => "Theme Setting",
                    'href'     => $this->url->link('extension/module/tntthemesetting','user_token=' . $this->session->data['user_token'], true),
                    'children' => array()       
                );
                foreach ($module_name as $key => $value) {
                    if ($this->user->hasPermission('access', 'report/report')) {
                        $tnt[] = array(
                            'name'     => $value['name'],
                            'href'     => $this->url->link('extension/module/'.$value['code'].'', 'user_token=' . $this->session->data['user_token'] . '&module_id=' . $value['module_id'], true),
                            'children' => array()       
                        );
                    }
                }
                $data['menus'][] = array(
                    'id'       => 'menu-tnt',
                    'icon'     => 'fa-television',
                    'name'     => $this->language->get('text_tnt'),
                    'href'     => '',
                    'children' => $tnt
                );
            ]]></add>
        </operation>      
    </file>
    <file path="catalog/controller/checkout/cart.php"> 
        <operation>
            <search><![CDATA[if (!$json) {]]></search>
            <add position="after"><![CDATA[
                $this->load->model('tool/image');
                $json['price'] = $this->currency->format($this->tax->calculate($product_info['price'], $product_info['tax_class_id'], $this->config->get('config_tax')), $this->session->data['currency']);
                $json['special'] = $this->currency->format($this->tax->calculate($product_info['special'], $product_info['tax_class_id'], $this->config->get('config_tax')), $this->session->data['currency']);

                $json['link'] =  $this->url->link('product/product', 'product_id=' . $product_info['product_id']);
                $json['cartlink'] =  $this->url->link('checkout/cart', 'product_id=' . $product_info['product_id']);

                $json['name'] = $product_info['name'];
                $width  = $this->config->get('tntthemesetting_popupcart_width');
                $height = $this->config->get('tntthemesetting_popupcart_height');
                $json['image'] = $this->model_tool_image->resize($product_info['image'], $width, $height);

            ]]></add>
        </operation>      
    </file>
    <file path="catalog/controller/common/cart.php"> 
        <operation>
            <search><![CDATA[$data['text_items']]]></search>
            <add position="before"><![CDATA[
                $data['text_badtotal'] = $this->cart->countProducts();
            ]]></add>
        </operation>      
    </file>
    <file path="catalog/controller/common/footer.php">
        <operation>
            <search><![CDATA[// Whos Online]]></search>
            <add position="before"><![CDATA[

            
            $language_id            = $this->config->get('config_language_id');
            $data['storeemail']     = $this->config->get('config_email');
            $data['storetelephone'] = $this->config->get('config_telephone');
            $data['storeaddress']   = nl2br($this->config->get('config_address'));
            $sqlquery               = $this->db->query("SELECT * FROM " . DB_PREFIX . "country WHERE country_id              = '" . $this->config->get('config_country_id') . "' ");
            $data['countriesname']  = $sqlquery->row['name'];
            $data['socialicon']     = $this->load->controller('common/tntsocialicon');
            $data['payemtnicon']    = $this->load->controller('common/tntpaymenticon');
            $data['footerlogo']    = $this->load->controller('common/tntfooterlogo');
            
            $data['copyright']      = $this->config->get('tntthemesetting_footer')['language'][$language_id]['copyrighttext'];
            $data['copyrightlink']  = $this->config->get('tntthemesetting_footer')['language'][$language_id]['copyrightlink'];
                    
                   
                    $data['newsletterdata']       = $this->load->controller('common/tntnewsletter');
                    $data['blog'] = $this->load->controller('common/tntblog');
                    
                    $customtext             = $this->config->get('tntthemesetting_footer')['language'][$language_id];
                    $data['copyright']      = $customtext['copyrighttext'];
                    $data['copyrightlink']  = $customtext['copyrightlink'];
               
            ]]></add>
        </operation>      
    </file>
  
    <file path="catalog/controller/product/manufacturer.php">
        <operation>
            <search><![CDATA[$this->load->model('tool/image');]]></search>
            <add position="after"><![CDATA[
                 $this->load->model('tnt/tntallquery');
            ]]></add>
        </operation>
        <operation>
            <search><![CDATA[if ((float)$result['special']) {]]></search>
            <add position="before"><![CDATA[
                $speciallabel        = "";
                $date               = $this->model_tnt_tntallquery->getproductspecialdate($result['product_id']);
                $speciallabel       = $date;    
                $dt                 = new DateTime();
                $newdate            = $dt->format('Y-m-d H:i:s');
                $date1              = date_create($result['date_available']);
                $date2              = date_create($newdate);
                $diff               = date_diff($date1,$date2);
                $days               = $diff->days;
                if($days < 20){
                    $new = "New";
                }else{
                    $new = "";
                }
                if(!empty($speciallabel)){
                    $salelebal = "Sale";
                }else{
                    $salelebal = "";
                }

                $hoverimage   = $this->model_catalog_product->getProductImages($result['product_id']);
                if(!empty(current($hoverimage))){
                    $hoverimage = $this->model_tool_image->resize(current($hoverimage)['image'], $this->config->get('theme_' . $this->config->get('config_theme') . '_image_product_width'), $this->config->get('theme_' . $this->config->get('config_theme') . '_image_product_height'));

                }else{
                    $hoverimage = $image;
                }
                $date = $this->model_tnt_tntallquery->getproductspecialdate($result['product_id']);
                        
                if(isset($date['date_end'])){
                    $date_end = $date['date_end'];
                }else{
                    $date_end = null;
                }
                ]]></add>
        </operation>   
         <operation>
            <search><![CDATA['rating'      => $result['rating'],]]></search>
            <add position="before"><![CDATA[
                'hoverimage'    => $hoverimage,
                'speciallabel'  => $salelebal,
                'newlabel'      => $new,
                'date_end'      => $date_end,
            ]]></add>
        </operation>      
    </file>
    <file path="catalog/controller/product/category.php">
        <operation>
            <search><![CDATA[$this->load->model('tool/image');]]></search>
            <add position="after"><![CDATA[
                 $this->load->model('tnt/tntallquery');
            ]]></add>
        </operation>
        <operation>
            <search><![CDATA[if ((float)$result['special']) {]]></search>
            <add position="before"><![CDATA[
                
                $speciallabel    = "";
                $date       = $this->model_tnt_tntallquery->getproductspecialdate($result['product_id']);
                $speciallabel    = $date;    
                $dt         = new DateTime();
                $newdate    = $dt->format('Y-m-d H:i:s');
                $date1      = date_create($result['date_available']);
                $date2      = date_create($newdate);
                $diff       = date_diff($date1,$date2);
                $days       = $diff->days;
                if($days < 20){
                    $new = "New";
                }else{
                    $new = "";
                }
                if(!empty($speciallabel)){
                    $salelebal = "Sale";
                }else{
                    $salelebal = "";
                }

                $hoverimage   = $this->model_catalog_product->getProductImages($result['product_id']);
                if(!empty(current($hoverimage))){
                    $hoverimage = $this->model_tool_image->resize(current($hoverimage)['image'], $this->config->get('theme_' . $this->config->get('config_theme') . '_image_product_width'), $this->config->get('theme_' . $this->config->get('config_theme') . '_image_product_height'));

                    
                }else{
                    $hoverimage = $image;
                }

                $date = $this->model_tnt_tntallquery->getproductspecialdate($result['product_id']);
                        
                if(isset($date['date_end'])){
                    $date_end = $date['date_end'];
                }else{
                    $date_end = null;
                }
            ]]></add>
        </operation>   
        <operation>
            <search><![CDATA['rating'      => $result['rating'],]]></search>
            <add position="before"><![CDATA[
                'hoverimage'    => $hoverimage,
                'speciallabel'  => $salelebal,
                'newlabel'      => $new,
                'date_end'     => $date_end,
            ]]></add>
        </operation>      
    </file>
    <file path="catalog/controller/product/product.php">
        <operation>
            <search><![CDATA[$this->load->model('tool/image');]]></search>
            <add position="after"><![CDATA[
                 $this->load->model('tnt/tntallquery');
                $data['megathumb'] = $this->model_tool_image->resize($product_info['image'], $this->config->get('theme_' . $this->config->get('config_theme') . '_image_popup_width'), $this->config->get('theme_' . $this->config->get('config_theme') . '_image_popup_height'));
            ]]></add>
        </operation>
        <operation>
            <search><![CDATA[if ((float)$result['special']) {]]></search>
            <add position="before"><![CDATA[

                $speciallabel       = "";
                $date               = $this->model_tnt_tntallquery->getproductspecialdate($result['product_id']);
                $speciallabel       = $date;    
                $dt                 = new DateTime();
                $newdate            = $dt->format('Y-m-d H:i:s');
                $date1              = date_create($result['date_available']);
                $date2              = date_create($newdate);
                $diff               = date_diff($date1,$date2);
                $days               = $diff->days;
                if($days < 20){
                    $new = "New";
                }else{
                    $new = "";
                }
                if(!empty($speciallabel)){
                    $salelebal = "Sale";
                }else{
                    $salelebal = "";
                }

                $hoverimage   = $this->model_catalog_product->getProductImages($result['product_id']);
                if(!empty(current($hoverimage))){
                    $hoverimage = $this->model_tool_image->resize(current($hoverimage)['image'], $this->config->get('theme_' . $this->config->get('config_theme') . '_image_popup_width'), $this->config->get('theme_' . $this->config->get('config_theme') . '_image_popup_height'));

                    
                }else{
                    $hoverimage = $image;
                }

                $date = $this->model_tnt_tntallquery->getproductspecialdate($result['product_id']);
                        
                if(isset($date['date_end'])){
                    $date_end = $date['date_end'];
                }else{
                    $date_end = null;
                }
            ]]></add>
        </operation>   
        <operation>
            <search><![CDATA['rating'      => $rating,]]></search>
            <add position="before"><![CDATA[
                'hoverimage'    => $hoverimage,
                'speciallabel'  => $salelebal,
                'newlabel'      => $new,
                'date_end'     => $date_end,
            ]]></add>
        </operation>      
    </file>
    <file path="catalog/controller/product/search.php">   
        <operation>
            <search><![CDATA[$this->load->model('tool/image');]]></search>
            <add position="after"><![CDATA[
                 $this->load->model('tnt/tntallquery');
            ]]></add>
        </operation> 
        <operation>
            <search><![CDATA[if ((float)$result['special']) {]]></search>
            <add position="before"><![CDATA[

                $speciallabel       = "";
                $date               = $this->model_tnt_tntallquery->getproductspecialdate($result['product_id']);
                $speciallabel       = $date;    
                $dt                 = new DateTime();
                $newdate            = $dt->format('Y-m-d H:i:s');
                $date1              = date_create($result['date_available']);
                $date2              = date_create($newdate);
                $diff               = date_diff($date1,$date2);
                $days               = $diff->days;
                if($days < 20){
                    $new = "New";
                }else{
                    $new = "";
                }
                if(!empty($speciallabel)){
                    $salelebal = "Sale";
                }else{
                    $salelebal = "";
                }

                $hoverimage   = $this->model_catalog_product->getProductImages($result['product_id']);
                if(!empty(current($hoverimage))){
                     $hoverimage    = $this->model_tool_image->resize(current($hoverimage)['image'], $this->config->get('theme_' . $this->config->get('config_theme') . '_image_product_width'), $this->config->get('theme_' . $this->config->get('config_theme') . '_image_product_height'));


                }else{
                    $hoverimage = $image;
                }

                $date = $this->model_tnt_tntallquery->getproductspecialdate($result['product_id']);
                        
                if(isset($date['date_end'])){
                    $date_end = $date['date_end'];
                }else{
                    $date_end = null;
                }
            ]]></add>
        </operation>
        <operation>
            <search><![CDATA['rating'      => $result['rating'],]]></search>
            <add position="after"><![CDATA[
                'hoverimage'    => $hoverimage,
                'speciallabel'  => $salelebal,
                'newlabel'      => $new,
                'date_end'     => $date_end,
            ]]></add>
        </operation>
    </file>
    <file path="catalog/controller/common/search.php">   
        <operation>
            <search><![CDATA[public function index() {]]></search>
            <add position="after"><![CDATA[
                 $data['loadingimage'] = HTTPS_SERVER."/image/catalog/themefactory/loader/loader.gif";
            ]]></add>
        </operation> 
    </file>

    <file path="catalog/controller/extension/module/bestseller.php">
        <operation>
            <search><![CDATA[$this->load->model('tool/image');]]></search>
            <add position="after"><![CDATA[
                 $this->load->model('tnt/tntallquery');
                 $name                       = "tnttabproduct";
                $detail                     = $this->model_tnt_tntallquery->getcommonmoduledetail($name);
                $commonmoduledetail         = json_decode($detail['setting'],1);
                $language_id                = $this->config->get('config_language_id');
                $text =                       $commonmoduledetail['productbest']['parenttext'][$language_id];
                
                $data['title'] = $text['title'];
                $data['subtitle'] = $text['subtitle'];
            ]]></add>
        </operation>
        <operation>
            <search><![CDATA[if ($result['image']) {]]></search>
            <add position="before"><![CDATA[
                $speciallabel    = "";
                $date       = $this->model_tnt_tntallquery->getproductspecialdate($result['product_id']);
                $speciallabel    = $date;    
                $dt         = new DateTime();
                $newdate    = $dt->format('Y-m-d H:i:s');
                $date1      = date_create($result['date_available']);
                $date2      = date_create($newdate);
                $diff       = date_diff($date1,$date2);
                $days       = $diff->days;
                if($days < 20){
                    $new = "New";
                }else{
                    $new = "";
                }
                if(!empty($speciallabel)){
                    $salelebal = "Sale";
                }else{
                    $salelebal = "";
                }

                $hoverimage   = $this->model_catalog_product->getProductImages($result['product_id']);
                if(!empty(current($hoverimage))){
                    $hoverimage = $this->model_tool_image->resize(current($hoverimage)['image'],$setting['width'], $setting['height']);

                }else{
                    $hoverimage = $image;
                }
                $date = $this->model_tnt_tntallquery->getproductspecialdate($result['product_id']);
                        
                if(isset($date['date_end'])){
                    $date_end = $date['date_end'];
                }else{
                    $date_end = null;
                }
            ]]></add>
        </operation>   
        <operation>
            <search><![CDATA['thumb'       => $image,]]></search>
            <add position="before"><![CDATA[
                'hoverimage'    => $hoverimage,
                'speciallabel'  => $salelebal,
                'newlabel'      => $new,
                'date_end'     => $date_end,
            ]]></add>
        </operation>     
    </file>
    <file path="catalog/controller/extension/module/featured.php">
        <operation>
            <search><![CDATA[$this->load->model('tool/image');]]></search>
            <add position="after"><![CDATA[
                $this->load->model('tnt/tntallquery');
                $name                       = "tnttabproduct";
                $detail                     = $this->model_tnt_tntallquery->getcommonmoduledetail($name);
                $commonmoduledetail         = json_decode($detail['setting'],1);
                $language_id                = $this->config->get('config_language_id');
                $text =                       $commonmoduledetail['productfeature']['parenttext'][$language_id];
                
                $data['title'] = $text['title'];
                $data['subtitle'] = $text['subtitle'];
            ]]></add>
        </operation>
        <operation>
            <search><![CDATA[if ($product_info['image']) {]]></search>
            <add position="before"><![CDATA[
                $speciallabel    = "";
                $date       = $this->model_tnt_tntallquery->getproductspecialdate($product_info['product_id']);
                $speciallabel    = $date;    
                $dt         = new DateTime();
                $newdate    = $dt->format('Y-m-d H:i:s');
                $date1      = date_create($product_info['date_available']);
                $date2      = date_create($newdate);
                $diff       = date_diff($date1,$date2);
                $days       = $diff->days;
                if($days < 20){
                    $new = "New";
                }else{
                    $new = "";
                }
                if(!empty($speciallabel)){
                    $salelebal = "Sale";
                }else{
                    $salelebal = "";
                }

                $hoverimage   = $this->model_catalog_product->getProductImages($product_info['product_id']);
                if(!empty(current($hoverimage))){
                    $hoverimage = $this->model_tool_image->resize(current($hoverimage)['image'], $setting['width'], $setting['height']);
                    
                }else{
                    $hoverimage = $image;
                }
                $date = $this->model_tnt_tntallquery->getproductspecialdate($product_info['product_id']);
                        
                if(isset($date['date_end'])){
                    $date_end = $date['date_end'];
                }else{
                    $date_end = null;
                }
            ]]></add>
        </operation>   
        <operation>
            <search><![CDATA['thumb'       => $image,]]></search>
            <add position="before"><![CDATA[
                'hoverimage'    => $hoverimage,
                'speciallabel'  => $salelebal,
                'newlabel'      => $new,
                'date_end'     => $date_end,
            ]]></add>
        </operation>     
    </file>
    <file path="catalog/controller/extension/module/latest.php">
        <operation>
            <search><![CDATA[$this->load->model('tool/image');]]></search>
            <add position="after"><![CDATA[
                $this->load->model('tnt/tntallquery');
                $width  = $this->config->get('tntthemesetting_newproductbanner_width');
                $height = $this->config->get('tntthemesetting_newproductbanner_height');
                $name                       = "tnttabproduct";
                $detail                     = $this->model_tnt_tntallquery->getcommonmoduledetail($name);
                $commonmoduledetail         = json_decode($detail['setting'],1);
                $language_id                = $this->config->get('config_language_id');
                $text =                       $commonmoduledetail['productnew']['parenttext'][$language_id];
                
                $data['title'] = $text['title'];
                $data['subtitle'] = $text['subtitle'];
                $data['banner'] =  $this->model_tool_image->resize($text['image'], $width, $height);

            ]]></add>
        </operation>
        <operation>
            <search><![CDATA[if ($result['image']) {]]></search>
            <add position="before"><![CDATA[
                $speciallabel    = "";
                $date       = $this->model_tnt_tntallquery->getproductspecialdate($result['product_id']);
                $speciallabel    = $date;    
                $dt         = new DateTime();
                $newdate    = $dt->format('Y-m-d H:i:s');
                $date1      = date_create($result['date_available']);
                $date2      = date_create($newdate);
                $diff       = date_diff($date1,$date2);
                $days       = $diff->days;
                if($days < 20){
                    $new = "New";
                }else{
                    $new = "";
                }
                if(!empty($speciallabel)){
                    $salelebal = "Sale";
                }else{
                    $salelebal = "";
                }

                
                $hoverimage   = $this->model_catalog_product->getProductImages($result['product_id']);
                if(!empty(current($hoverimage))){
                    $hoverimage = $this->model_tool_image->resize(current($hoverimage)['image'], $setting['width'], $setting['height']);


                    
                }else{
                    $hoverimage = $image;
                }
                $date = $this->model_tnt_tntallquery->getproductspecialdate($result['product_id']);
                        
                if(isset($date['date_end'])){
                    $date_end = $date['date_end'];
                }else{
                    $date_end = null;
                }
            ]]></add>
        </operation>   
        <operation>
            <search><![CDATA['thumb'       => $image,]]></search>
            <add position="before"><![CDATA[
                'hoverimage'    => $hoverimage,
                'speciallabel'  => $salelebal,
                'newlabel'      => $new,
                'date_end'     => $date_end,
            ]]></add>
        </operation>     
    </file>
    <file path="catalog/controller/extension/module/special.php">
        <operation>
            <search><![CDATA[$this->load->model('tool/image');]]></search>
            <add position="after"><![CDATA[
                $this->load->model('tnt/tntallquery');
                $name                       = "tnttabproduct";
                $detail                     = $this->model_tnt_tntallquery->getcommonmoduledetail($name);
                $commonmoduledetail         = json_decode($detail['setting'],1);
                $language_id                = $this->config->get('config_language_id');
                $text =                       $commonmoduledetail['productspecial']['parenttext'][$language_id];
                
                $data['title'] = $text['title'];
                $data['subtitle'] = $text['subtitle'];
                
            ]]></add>
        </operation>
        <operation>
            <search><![CDATA[if ($result['image']) {]]></search>
            <add position="before"><![CDATA[
                $speciallabel    = "";
                $date       = $this->model_tnt_tntallquery->getproductspecialdate($result['product_id']);
                $speciallabel    = $date;    
                $dt         = new DateTime();
                $newdate    = $dt->format('Y-m-d H:i:s');
                $date1      = date_create($result['date_available']);
                $date2      = date_create($newdate);
                $diff       = date_diff($date1,$date2);
                $days       = $diff->days;
                if($days < 20){
                    $new = "New";
                }else{
                    $new = "";
                }
                if(!empty($speciallabel)){
                    $salelebal = "Sale";
                }else{
                    $salelebal = "";
                }

                $hoverimage   = $this->model_catalog_product->getProductImages($result['product_id']);
                if(!empty(current($hoverimage))){
                    $hoverimage = $this->model_tool_image->resize(current($hoverimage)['image'], $setting['width'], $setting['height']);
                    
                }else{
                    $hoverimage = $image;
                }

                $date = $this->model_tnt_tntallquery->getproductspecialdate($result['product_id']);
                        
                if(isset($date['date_end'])){
                    $date_end = $date['date_end'];
                }else{
                    $date_end = null;
                }
            ]]></add>
        </operation>   
        <operation>
            <search><![CDATA['thumb'       => $image,]]></search>
            <add position="before"><![CDATA[
                'hoverimage'    => $hoverimage,
                'speciallabel'  => $salelebal,
                'newlabel'      => $new,
                'date_end'      => $date_end,
            ]]></add>
        </operation>     
    </file>
    <file path="catalog/controller/account/download.php">
        <operation>
            <search><![CDATA[new Pagination();]]></search>
            <add position="replace"><![CDATA[
                new Tntpagination();
            ]]></add>
        </operation>     
    </file>
    <file path="catalog/controller/account/order.php">
        <operation>
            <search><![CDATA[new Pagination();]]></search>
            <add position="replace"><![CDATA[
                new Tntpagination();
            ]]></add>
        </operation>     
    </file>
    <file path="catalog/controller/account/recurring.php">
        <operation>
            <search><![CDATA[new Pagination();]]></search>
            <add position="replace"><![CDATA[
                new Tntpagination();
            ]]></add>
        </operation>     
    </file>
    <file path="catalog/controller/account/return.php">
        <operation>
            <search><![CDATA[new Pagination();]]></search>
            <add position="replace"><![CDATA[
                new Tntpagination();
            ]]></add>
        </operation>     
    </file>
    <file path="catalog/controller/account/reward.php">
        <operation>
            <search><![CDATA[new Pagination();]]></search>
            <add position="replace"><![CDATA[
                new Tntpagination();
            ]]></add>
        </operation>     
    </file>
    <file path="catalog/controller/account/transaction.php">
        <operation>
            <search><![CDATA[new Pagination();]]></search>
            <add position="replace"><![CDATA[
                new Tntpagination();
            ]]></add>
        </operation>     
    </file>
    <file path="catalog/controller/account/sagepay_direct.php">
        <operation>
            <search><![CDATA[new Pagination();]]></search>
            <add position="replace"><![CDATA[
                new Tntpagination();
            ]]></add>
        </operation>     
    </file>
    <file path="catalog/controller/account/sagepay_server.php">
        <operation>
            <search><![CDATA[new Pagination();]]></search>
            <add position="replace"><![CDATA[
                new Tntpagination();
            ]]></add>
        </operation>     
    </file>
    <file path="catalog/controller/account/category.php">
        <operation>
            <search><![CDATA[new Pagination();]]></search>
            <add position="replace"><![CDATA[
                new Tntpagination();
            ]]></add>
        </operation>     
    </file>
    <file path="catalog/controller/account/manufacturer.php">
        <operation>
            <search><![CDATA[new Pagination();]]></search>
            <add position="replace"><![CDATA[
                new Tntpagination();
            ]]></add>
        </operation>     
    </file>
    <file path="catalog/controller/account/product.php">
        <operation>
            <search><![CDATA[new Pagination();]]></search>
            <add position="replace"><![CDATA[
                new Tntpagination();
            ]]></add>
        </operation>     
    </file>
   
    <file path="catalog/controller/account/search.php">
        <operation>
            <search><![CDATA[new Pagination();]]></search>
            <add position="replace"><![CDATA[
                new Tntpagination();
            ]]></add>
        </operation>     
    </file>
    <file path="catalog/controller/account/special.php">
        <operation>
            <search><![CDATA[new Pagination();]]></search>
            <add position="replace"><![CDATA[
                new Tntpagination();
            ]]></add>
        </operation>     
    </file>
   
</modification>